{"stats":{"minecraft:custom":{"minecraft:time_since_rest":44084,"minecraft:crouch_one_cm":19,"minecraft:sprint_one_cm":34482,"minecraft:play_time":44084,"minecraft:damage_taken":100,"minecraft:walk_one_cm":18694,"minecraft:sneak_time":10,"minecraft:walk_under_water_one_cm":3900,"minecraft:aviate_one_cm":444319,"minecraft:jump":340,"minecraft:leave_game":2,"minecraft:time_since_death":44084,"minecraft:walk_on_water_one_cm":1926,"minecraft:total_world_time":44084,"minecraft:climb_one_cm":4778,"minecraft:swim_one_cm":1514,"minecraft:fall_one_cm":5523,"minecraft:fly_one_cm":189950},"minecraft:used":{"minecraft:firework_rocket":149,"minecraft:flint_and_steel":15,"minecraft:tnt":218,"minecraft:elytra":1},"minecraft:picked_up":{"minecraft:stick":3,"minecraft:sand":1,"minecraft:jungle_sapling":2}},"DataVersion":3465}